<?xml version="1.0" encoding="UTF-8" standalone="yes"?>
<addon id="script.module.hyper"
       name="hyper"
       version="0.7.0"
       provider-name="digaogt">
  <requires>
    <import addon="xbmc.python" version="2.25.0"/>
  </requires>
  <extension point="xbmc.python.module"
             library="lib" />
  <extension point="xbmc.addon.metadata">
    <summary lang="en_GB">HTTP is changing under our feet. HTTP/1.1, our old friend, is being supplemented by the brand new HTTP/2 standard. HTTP/2 provides many benefits: improved speed, lower bandwidth usage, better connection management, and more.</summary>
    <description lang="en_GB">Packed for KODI from https://github.com/Lukasa/hyper</description>
    <platform>all</platform>
    <language></language>
    <license>MIT</license>
    <forum></forum>
    <website>https://hyper.readthedocs.io/en/latest</website>
    <source>https://github.com/digaogt/repository.digaogt/script.module.hyper</source>
    <email>digaogt AT yahoo.com.br</email>
  </extension>
</addon>
