<?xml version="1.0" encoding="UTF-8" standalone="yes"?>
<addon id="plugin.video.youtube" name="YouTube" version="6.1.0~beta2" provider-name="bromix">
    <requires>
        <import addon="xbmc.python" version="2.20.0"/>
        <import addon="script.module.six"/>
        <import addon="script.module.requests" version="2.12.4"/>
        <import addon="script.module.inputstreamhelper" version="0.2.2" optional="true"/>
    </requires>
    <extension point="xbmc.python.pluginsource" library="resources/lib/default.py">
        <provides>video</provides>
    </extension>
    <extension point="xbmc.service" library="resources/lib/startup.py" start="login"/>
    <extension point="xbmc.python.module" library="resources/lib/"/>
    <extension point="xbmc.addon.metadata">
        <news>
6.1.0
[add] Multi-user support
    - Switch User folder (default: on) Settings -&gt; Folders
    - User management (Add, Remove, Rename, Switch) Settings - Users
    - Signed in users are green, Current user has an *
[add/upd] add data cache and optimize caching
    - add Settings -&gt; Maintenance -&gt; Clear data cache/Delete data cache
    - increase allowed cache size
    - database accesses per 50 videos: before: 70~100 after: 4~6
    - load time of 50 videos w/ no cached videos: before: ~11.6 secs, after: ~3 secs
    - load time of 50 videos w/ all cached videos: before: ~0.8 secs, after: ~0.7 secs
    - cached size per 50 videos: before ~1MB, after ~550KB
[add] Refresh after watching (default: off) Settings -&gt; General
[add] Completed Live folder (default: on) Settings -&gt; Folders
[add] Upcoming Live folder (default: on) Settings -&gt; Folders
[add] My Location folder (default: on) Settings -&gt; Advanced -&gt; Enable setup-wizard
[add] Play count minimum percent (default: 85%) Settings -&gt; General -&gt; Play count minimum percent
[add] Playback history (default: off) Settings -&gt; Advanced -&gt; Use playback history
[add] Time since published for videos as item properties Property(PublishedSince), Property(PublishedLocal) |contrib: pannal|
[add] Check My IP, Settings -&gt; HTTP Server
[add] Developer authentication, allowing add-ons to use their own access tokens
    - see youtube_authentication.py, youtube_registration.py, youtube_requests.py, and youtube_resolver.py
[upd] YouTube UTC datetimes to local timezone |contrib: pannal|
[upd] Localize API key errors, provide a more descriptive notification
[fix] Add to YouTube watch history
[fix] My Channel videos (Error 403)
[fix] allow fallback to dash, when using Audio only
[fix] Signature function not found error for some users
[fix] Context Menu -&gt; More -&gt; Related Videos w/ Kodi 18
[fix] Sign In/Sign Out causing crash with Kodi 18 nightlies
[fix] Channel &#39;mine&#39; caching
[fix] Time changing when playing generated dash
[lang] es_es strings |contrib: roliverosc|
[lang] el_gr strings |contrib: twilight0|
[lang] nl_nl strings |contrib: Markman-B|
        </news>
        <assets>
            <icon>icon.png</icon>
            <fanart>fanart.jpg</fanart>
        </assets>
        <summary lang="en_gb">Plugin for YouTube</summary>
        <description lang="en_gb">YouTube is one of the biggest video-sharing websites of the world.</description>
        <disclaimer lang="en_gb">This plugin is not endorsed by Google</disclaimer>
        <summary lang="he_il">תוסף עבור YouTube</summary>
        <description lang="he_il">YouTube הוא אחד מאתרי שיתוף הווידאו הגדולים בעולם.</description>
        <summary lang="de_de">Plugin für YouTube</summary>
        <description lang="de_de">YouTube ist eines der größten Video-Sharing-Websites der Welt.</description>
        <summary lang="pl_pl">Wtyczka YouTube</summary>
        <description lang="pl_pl">YouTube jest jednym z największych na świecie serwisów udostępniania wideo.</description>
        <summary lang="hu_hu">YouTube kiegészítő</summary>
        <description lang="hu_hu">A YouTube világ egyik legnagyobb videómegosztó weboldala.</description>
        <summary lang="es_es">Plugin para YouTube</summary>
        <description lang="es_es">YouTube es uno de los mayores sitios web de intercambio de vídeos del mundo.</description>
        <disclaimer lang="es_es">Este add-on no esta respaldado por Google</disclaimer>
        <summary lang="ru_ru">Видеодополнение YouTube</summary>
        <description lang="ru_ru">Данное дополнение позволяет находить и смотреть видео на всеми любимом сайте.</description>
        <summary lang="fr_fr">Plugin pour YouTube</summary>
        <description lang="fr_fr">YouTube est l'un des plus grands sites de partage vidéos du monde.</description>
        <summary lang="zh_cn">YouTube附加元件</summary>
        <description lang="zh_cn">「Youtube」是全世界最大的影片分享網站</description>
        <summary lang="bg_bg">Добавка за YouTube</summary>
        <description lang="bg_bg">YouTube е един от най-големите уеб сайтове за споделяне на видео в целия свят.</description>
        <summary lang="el_gr">Πρόσθετο YouTube</summary>
        <description lang="el_gr">Το YouTube είναι μία από τις μεγαλύτερες ιστοσελίδες διαμοιρασμού βίντεο στον κόσμο.</description>
        <disclaimer lang="el_gr">Η παρούσα μικροεφαρμογή δεν έχει υϊοθετηθεί από την Google</disclaimer>
        <summary lang="nb_no">Tillegg for YouTube</summary>
        <description lang="nb_no">YouTube er en av verdens største nettsider for videodeling.</description>
        <language></language>
        <platform>all</platform>
        <license>GNU GENERAL PUBLIC LICENSE. Version 2, June 1991</license>
        <forum>https://forum.kodi.tv/showthread.php?tid=325740</forum>
        <website>https://www.youtube.com</website>
        <email>ytplugin at datanet dot ws</email>
        <source>https://github.com/jdf76/plugin.video.youtube</source>
        <reuselanguageinvoker>true</reuselanguageinvoker>
    </extension>
</addon>
