<?xml version="1.0" encoding="UTF-8" standalone="yes"?>
<addon id="repository.digaogt"
        name="Digaogt Kodi Add-On Repository"
        version="1.0.0"
        provider-name="">
    <extension point="xbmc.addon.repository" name="Digaogt Kodi Add-On Repository">
        <info compressed="false">https://raw.githubusercontent.com/digaogt/repository.digaogt/master/addons.xml</info>
        <checksum>https://raw.githubusercontent.com/digaogt/repository.digaogt/master/addons.xml.md5</checksum>
        <datadir zip="true">https://raw.githubusercontent.com/digaogt/repository.digaogt/master/</datadir>
    </extension>
    <extension point="xbmc.addon.metadata">
        <summary>Addons brasileiros</summary>
        <description>Disponibilizados os melhores addons brasileiros</description>
        <platform>all</platform>
    </extension>
</addon>
