<?xml version="1.0" encoding="UTF-8" standalone="yes"?>
<addon id="repository.digaogt" name="Digaogt Repository" version="0.0.1" provider-name="Digaogt">
	<extension point="xbmc.addon.repository" name="Digaogt Repository">
		<info compressed="false">https://raw.githubusercontent.com/digaogt/repository.digaogt/master/addons.xml</info>
		<checksum>https://raw.githubusercontent.com/digaogt/repository.digaogt/master/addons.xml.md5</checksum>
		<datadir zip="true">https://raw.githubusercontent.com/digaogt/repository.digaogt/master/zips/</datadir>
	</extension>
	<extension point="xbmc.addon.metadata">
		<summary>Repositório Digaogt</summary>
		<description>Repositório de addons brasileiros Digaogt</description>
		<disclaimer></disclaimer>
		<platform>all</platform>
	</extension>
</addon>