<?xml version="1.0" encoding="UTF-8"?>
<addon id="plugin.video.spotifytube" name="Spotify Tube" version="1.0.2" provider-name="DigaoGT">
    <requires>
        <import addon="xbmc.python" version="2.1.0"/>
        <import addon="plugin.video.youtube" version="5.1.20.4"/>
    </requires>
    <extension point="xbmc.python.pluginsource" library="default.py">
        <provides>video audio</provides>
    </extension>
    <extension point="xbmc.addon.metadata">
        <platform>all</platform>
        <summary lang="en">Videos musicais via Youtube</summary>
        <language></language>
        <description lang="en">Assista aos videos das músicas das playlists do Spotify via Youtube</description>
        <license>GNU GENERAL PUBLIC LICENSE. Version 2, June 1991</license>
        <website></website>
    </extension>
</addon>
