<?xml version="1.0" encoding="UTF-8" standalone="yes"?>
<addon id="script.ivueguide" name="Ivue TV Guide" version="4.1.9" provider-name="iVue Tv Guide">
	<requires>
		<import addon="xbmc.python" version="2.1.0"/>
		<import addon="script.module.simplejson" version="2.0.10"/>
		<import addon="script.module.requests"/>
	</requires>
	<extension point="xbmc.python.script" library="addon.py"/>
    <extension point="xbmc.service" library="service.py" start="login"/>
	<extension point="xbmc.addon.metadata">
	<provides>video</provides>
		<description lang="en">Final Release of Ivue Guide, simple free and effective, We hope you like it now with category intergration #teamiVue, Huge thanks to all coders out there for getting involved.</description>
		<disclaimer lang="en">Final Release of Ivue Guide and is forked and based on FTV Guide, Dixie , Ivue ,Primeval, tommy winthers original code, </disclaimer>
	</extension>
</addon>
