<?xml version="1.0" encoding="utf-8" standalone="yes"?>
<addon id="plugin.video.spotitube" name="Youtube Music" version="2.1.3" provider-name="realvito (inspired by L0RE)">
	<requires>
		<import addon="xbmc.python"/>
		<import addon="plugin.video.youtube"/>
	</requires>
	<extension point="xbmc.python.pluginsource" library="default.py">
		<provides>video audio</provides>
	</extension>
	<extension point="xbmc.addon.metadata">
		<summary lang="de">Musik über Youtube abspielen</summary>
		<summary lang="en">Play Music via Youtube</summary>
		<description lang="de">Musik aus verschiedenen Quellen z.B. Billboard, iTunes, Spotify etc. auswählen und über Youtube abspielen.[CR][CR]Für mehr Informationen zu allen Neuerungen siehe - CHANGELOG.[CR]     TEST IT AND LIKE IT</description>
		<description lang="en">Choose Music from different sources e.g. Billboard, iTunes, Spotify etc. and play it via Youtube.[CR][CR]For more information about all new features see - CHANGELOG.[CR]     TEST IT AND LIKE IT</description>
		<disclaimer lang="de">Die von diesem Addon dargestellten Inhalte werden von den Erstellern des Addons weder gehostet oder verbreitet, noch stehen die Ersteller in irgendeiner Beziehung zu den Anbietern des Inhalts.</disclaimer>
		<disclaimer lang="en">The author does not host or distribute any of the content displayed by this addon. The author does not have any affiliation with the content providers.</disclaimer>
		<language></language>
		<platform>all</platform>
		<license>GNU GENERAL PUBLIC LICENSE. Version 3, June 2007</license>
		<forum>http://www.kodinerds.net/index.php/Thread/47087-Release-YoutubeMusic-patched/</forum>
		<website></website>
		<email></email>
		<source>https://github.com/kodinerds/repo/tree/master/plugin.video.spotitube</source>
		<assets>
			<icon>icon.png</icon>
			<fanart>fanart.jpg</fanart>
		</assets>
		<news>[B][COLOR orangered]Version 2.1.2  (05.08.2018)[/COLOR][/B] by realvito[CR]
- fixed: all Videolists under "Billboard" are empty (Website-Structure changes)
- fixed: Error if open Videolists under "Search"
- changed: Language-Files from "strings.xml" to "strings.po"
- added: make Addon compatible with PYTHON vers.3 (for KODI-19+) :-)
		</news>
	</extension>
</addon>
